{
  "total_spend_usd": 0.9439439000000018,
  "total_input_tokens": 554542,
  "total_output_tokens": 98824,
  "breakdown_by_model": {
    "gemma4": {
      "tokens": 6472,
      "cost": 0.0
    },
    "gemini-2.5-flash": {
      "tokens": 84,
      "cost": 0.0
    },
    "gemini-2.0-flash": {
      "tokens": 424254,
      "cost": 0.05856930000000001
    },
    "claude-haiku-4-5-20251001": {
      "tokens": 90302,
      "cost": 0.09908559999999995
    },
    "claude-sonnet-4-6": {
      "tokens": 127776,
      "cost": 0.7542120000000001
    },
    "claude-opus-4-6": {
      "tokens": 1945,
      "cost": 0.032055
    },
    "gemini-3.1-pro-preview": {
      "tokens": 2313,
      "cost": 0.0
    }
  },
  "breakdown_by_category": {
    "general": {
      "tokens": 100404,
      "cost": 0.24630020000000002
    },
    "meta_evaluation_introspection": {
      "tokens": 6524,
      "cost": 0.028736300000000003
    },
    "synthetic_borrower": {
      "tokens": 231904,
      "cost": 0.3296228999999995
    },
    "voice_resolution": {
      "tokens": 95856,
      "cost": 0.07250780000000001
    },
    "transcript_analysis": {
      "tokens": 7477,
      "cost": 0.064503
    },
    "assessment": {
      "tokens": 133471,
      "cost": 0.044047900000000126
    },
    "prompt_improvement": {
      "tokens": 18228,
      "cost": 0.11101039999999998
    },
    "debug": {
      "tokens": 293,
      "cost": 0.0033030000000000004
    },
    "final_notice": {
      "tokens": 628,
      "cost": 0.000912
    },
    "godel_monitor": {
      "tokens": 4258,
      "cost": 0.032055
    },
    "godel_validation": {
      "tokens": 2513,
      "cost": 0.0049938000000000005
    },
    "godel_violation_check": {
      "tokens": 42975,
      "cost": 0.004930700000000002
    },
    "compliance_prompt_check": {
      "tokens": 8615,
      "cost": 0.0009989
    }
  }
}