{
  "total_spend_usd": 12.482804399999958,
  "total_input_tokens": 2691762,
  "total_output_tokens": 512429,
  "breakdown_by_model": {
    "claude-haiku-4-5-20251001": {
      "tokens": 923109,
      "cost": 1.223258399999994
    },
    "claude-sonnet-4-6": {
      "tokens": 2274055,
      "cost": 11.153240999999989
    },
    "claude-opus-4-6": {
      "tokens": 7027,
      "cost": 0.10630500000000001
    }
  },
  "breakdown_by_category": {
    "assessment": {
      "tokens": 481528,
      "cost": 0.6392479999999963
    },
    "synthetic_borrower": {
      "tokens": 977032,
      "cost": 3.912948000000008
    },
    "judge": {
      "tokens": 544555,
      "cost": 2.9379929999999983
    },
    "godel_violation_check": {
      "tokens": 301083,
      "cost": 1.098824999999999
    },
    "prompt_improvement": {
      "tokens": 25438,
      "cost": 0.2737860000000001
    },
    "compliance_prompt_check": {
      "tokens": 13889,
      "cost": 0.04872299999999999
    },
    "general": {
      "tokens": 410578,
      "cost": 2.8704300000000025
    },
    "voice_resolution": {
      "tokens": 419696,
      "cost": 0.5556128
    },
    "final_notice": {
      "tokens": 21885,
      "cost": 0.028397600000000002
    },
    "godel_monitor": {
      "tokens": 7027,
      "cost": 0.10630500000000001
    },
    "meta_evaluation_introspection": {
      "tokens": 1480,
      "cost": 0.010536
    }
  }
}